label,method,n_valid,n_total,reversed_count,rankable,aa_rmse_mean,aa_rmse_std,aa_mae_mean,aa_mae_std,pearson_abs_mean,pearson_abs_std,spearman_abs_mean,spearman_abs_std,kendall_abs_mean,kendall_abs_std,aa_ssim_mean,aa_ssim_std,aa_psnr_mean,aa_psnr_std
tab:mono,Tosi et al. monoResMatch,5,5,5,True,0.11668056709597355,0.04399730346568204,0.09073994009963797,0.04121324060051416,0.2736322811384827,0.2430280389677986,0.27732293383518897,0.26639659972512947,0.19087851283537627,0.20215209135391515,0.8787559381567212,0.08067622328028906,19.17830519777032,3.3896037367033225
tab:mono2,Godard et al. 2019 / archived UnSupervisedMonocular,5,5,5,True,0.09842080932316392,0.03826158135126467,0.074369097724265,0.0359055538942374,0.5822159190101518,0.21018295358384728,0.7041319957780906,0.13261777160769445,0.5395074486384057,0.11206144211141805,0.8880712738359176,0.09635883699662855,20.751526883143566,3.8101367956336265
tab:ranftl2021vision,Ranftl et al. 2021 DPT (Jason),5,5,5,True,0.0845057191120655,0.03013338938225048,0.06147362109354164,0.02671131113586562,0.6776274867953436,0.22626781574272986,0.8132006376126928,0.09304302308142513,0.6592898956607212,0.09629748478295838,0.9026143678619455,0.06933937563130255,21.986427877963713,3.547420239681579
tab:monodepth17,Godard et al. 2017 city2kitti,5,5,5,True,0.09925254818526501,0.04142519771321032,0.07311624014717369,0.03448707517374021,0.5900821633780078,0.17567008238857973,0.6302078661764685,0.16930833278824797,0.4672918452618255,0.14583275790188188,0.8996343293763998,0.0588580380231606,20.77037700767118,4.075205854873283
tab:monodepth17-1,Godard et al. 2017 city2eigen,5,5,5,True,0.0981720471754767,0.04094327161090917,0.07407011072066157,0.03418235307293157,0.6220604329576263,0.1224957586264187,0.6391060393778025,0.12574404642418263,0.47418691618841413,0.11292984164191613,0.8982451514171934,0.06250454406891362,20.82231784096902,3.8834123443543835
tab:monodepth17-2,Godard et al. 2017 cityscapes,5,5,5,True,0.09451214233582168,0.04215230279768167,0.06944597200771882,0.03581617752749908,0.6757991329126544,0.061880879214266535,0.6885495719597117,0.07349823806516675,0.5177031294733796,0.04548845263411429,0.902411356550646,0.05801007728867142,21.208900841941965,3.996116726444231
tab:monodepth17-3,Godard et al. 2017 eigen,5,5,5,True,0.09633371472508426,0.037472051475127166,0.07279550552262391,0.03229189462901202,0.604211963884304,0.1969788093579546,0.649556517157545,0.17276604129538978,0.47972642337989396,0.15296312207776847,0.8927383260144097,0.07387931439835585,20.971983473589273,3.9586664268064817
tab:monodepth17-4,Godard et al. 2017 kitti,5,5,5,True,0.09741629152688311,0.03764073169899069,0.0720650707323594,0.030644861559196955,0.5978411253176902,0.19025603331533364,0.6335018566370151,0.1754880585162919,0.46907810893678936,0.14828127891888238,0.8976712332036936,0.06288128353167091,20.846213078083203,3.8408708280055084
tab:monodepth17-5,Dai et al. fusion / LeRes50,5,5,5,True,0.07248906519037432,0.027030691051945017,0.05195415721067248,0.02056675437848303,0.7220177368709547,0.32276169521397785,0.8344444045865511,0.1350279203784521,0.6852151111453331,0.13966768826618595,0.9263277892738419,0.044602313097899936,23.383981436743063,3.7855292237494407
tab:dai2022multi,Dai et al. fusion / MiDaS,5,5,5,True,0.08148119791717999,0.037967636582772496,0.05843735755803463,0.032747833254540046,0.7117031583651988,0.2223680486695695,0.8265307897655129,0.1263703163701067,0.6669797150235726,0.12984128868785863,0.9158845310999721,0.06199139472673847,22.57958315302423,4.296870571456719
tab:watson2019self,Watson et al. 2019 Depth Hints,5,5,5,True,0.10028207916270822,0.04075780633327064,0.07604363081971861,0.039737732074644816,0.5650488873082635,0.22289973341766314,0.7191172177883963,0.116531206400139,0.546739931434777,0.10142649230660232,0.884591310888039,0.09676305648608698,20.647926305462025,3.9966753843801137
tab:ranftl2021vision-beto,Ranftl et al. 2021 DPT (Beto),5,5,5,True,0.08507124983871607,0.030595017564596087,0.061938044828264684,0.027135228863066897,0.6717435227277194,0.23156092976929402,0.8120335274859629,0.09529473975524647,0.6584844144726983,0.09872813400733986,0.902927553161077,0.06841391245911901,21.945126235097554,3.615361385049209
tab:ranftl2020towards,Ranftl et al. 2020 MiDaS archived toward_robust,2,5,2,False,0.16521173406135525,0.07787183302053338,0.13855691006581972,0.07934999885387423,0.11003469626944276,0.11897284841942292,0.10898826035834575,0.12276625379323344,0.08919363678587844,0.10031808600321705,0.8333460222599259,0.1250329093444953,16.150571864377277,4.256631820912756
tab:alhashim2018high-nyu,Alhashim and Wonka NYU,5,5,0,True,0.02507322115836394,0.01508152088926142,0.014324647025049,0.009813084169180055,0.9794288374751684,0.012496752412250857,0.9782268037583532,0.01599494427493933,0.9118798509992481,0.03322261824397965,0.9732463468681363,0.015422860831493728,33.25468446476443,5.265224029652168
tab:alhashim2018high-kitti,Alhashim and Wonka KITTI,5,5,0,True,0.09099665041248811,0.030487311402174967,0.0651400267577895,0.024003834132368118,0.6286482317271658,0.22144727718096516,0.7077911439654787,0.12026173131508318,0.5302242339369884,0.09874546977934746,0.9218921281405394,0.03691568926637332,21.237589608313176,3.080683914891485
