aa_mae,aa_psnr,aa_rmse,aa_ssim,alpha,beta,ground_truth,kendall_abs,label,method,pearson_abs,polarity,pred_height,pred_max,pred_min,pred_mode,pred_width,prediction,reason,spearman_abs,status
0.08267169249074716,19.29589499669634,0.10844393054226369,0.922318476309714,-0.003313809995531845,0.47837620440377593,Groundtruth/GroundtruthNYU/1.png,0.11331157124263833,tab:mono,Tosi et al. monoResMatch,0.1770686629969465,reversed,480,221.0,23.0,L,640,Imgs_Jason/SetNYU/MonoDepthResMatch/G1.png,,0.15964428344278167,ok
0.04544398726202876,21.831079061504983,0.08099273169067275,0.9351543513536702,-0.0008120977799335384,0.20531501793343235,Groundtruth/GroundtruthNYU/2.png,0.007886823053257072,tab:mono,Tosi et al. monoResMatch,0.058536414199630196,reversed,480,221.0,23.0,L,640,Imgs_Jason/SetNYU/MonoDepthResMatch/G2.png,,0.02047081109593529,ok
0.05877040443088081,23.177463108650038,0.06936283647554765,0.9341091965530437,-0.0019671276499045433,0.32086461326022647,Groundtruth/GroundtruthNYU/3.png,0.18057579425091638,tab:mono,Tosi et al. monoResMatch,0.2282225837081141,reversed,480,221.0,23.0,L,640,Imgs_Jason/SetNYU/MonoDepthResMatch/G3.png,,0.2889645974136391,ok
0.13073002186881644,15.801978600383741,0.16214406995475958,0.747103920652971,-0.019235337400242955,1.0749833147712116,Groundtruth/GroundtruthNYU/4.png,0.5350796379948407,tab:mono,Tosi et al. monoResMatch,0.6918004524752082,reversed,480,221.0,23.0,L,640,Imgs_Jason/SetNYU/MonoDepthResMatch/G4.png,,0.721510266266642,ok
0.13608359444571674,15.785110221616511,0.162459266816624,0.8550937459142073,-0.004568452791934522,0.5714618125437118,Groundtruth/GroundtruthNYU/5.png,0.11753873763522876,tab:mono,Tosi et al. monoResMatch,0.21253329231251444,reversed,480,221.0,23.0,L,640,Imgs_Jason/SetNYU/MonoDepthResMatch/G5.png,,0.19602471095694687,ok
0.07759687012115495,20.0940610541817,0.09892292454135052,0.92971436609461,-0.0007926590980683416,0.40068440719380594,Groundtruth/GroundtruthNYU/1.png,0.4424814224384202,tab:mono2,Godard et al. 2019 / archived UnSupervisedMonocular,0.44042534002373557,reversed,480,247.0,0.0,L,640,Imgs_Jason/SetNYU/UnSupervisedMonocular/G1_disp.jpeg,,0.5566592150006775,ok
0.041403867468725944,22.184304088019267,0.07776511088594004,0.9423532749901395,-0.0003230931454804808,0.20502888474550965,Groundtruth/GroundtruthNYU/2.png,0.42122815084989196,tab:mono2,Godard et al. 2019 / archived UnSupervisedMonocular,0.2850829106265729,reversed,480,248.0,0.0,L,640,Imgs_Jason/SetNYU/UnSupervisedMonocular/G2_disp.jpeg,,0.5800686043964313,ok
0.03588406623499925,26.50606482225983,0.04728210018645904,0.9555204635183671,-0.000701653194892981,0.3282572499620468,Groundtruth/GroundtruthNYU/3.png,0.593169009581783,tab:mono2,Godard et al. 2019 / archived UnSupervisedMonocular,0.7480223697095116,reversed,480,249.0,0.0,L,640,Imgs_Jason/SetNYU/UnSupervisedMonocular/G3_disp.jpeg,,0.7659029919548959,ok
0.1196932502774962,16.728550499334993,0.1457378891727491,0.7210481852614483,-0.0025099515587017882,0.558219074670056,Groundtruth/GroundtruthNYU/4.png,0.6940962231356781,tab:mono2,Godard et al. 2019 / archived UnSupervisedMonocular,0.7607663834888757,reversed,480,247.0,0.0,L,640,Imgs_Jason/SetNYU/UnSupervisedMonocular/G4_disp.jpeg,,0.8698158038939474,ok
0.09726743451894865,18.24465395192204,0.12239602182932095,0.8917200793150221,-0.0015572478491416887,0.5052825972524173,Groundtruth/GroundtruthNYU/5.png,0.5465624371862555,tab:mono2,Godard et al. 2019 / archived UnSupervisedMonocular,0.6767825912020633,reversed,480,248.0,0.0,L,640,Imgs_Jason/SetNYU/UnSupervisedMonocular/G5_disp.jpeg,,0.7482133636445005,ok
0.06877839302054124,20.876573490156126,0.09040060261045135,0.9190239433551549,-6.354568773927388e-06,0.4335992601661556,Groundtruth/GroundtruthNYU/1.png,0.6643987549446386,tab:ranftl2021vision,Ranftl et al. 2021 DPT (Jason),0.5717273533014192,reversed,480,65535.0,0.0,I;16,640,Imgs_Jason/SetNYU/VisionTransformersForDepth/1.png,,0.7870744294378961,ok
0.04434072012417297,22.3049185144451,0.07669270824895004,0.9344973821691277,-2.3951216912265586e-06,0.20521637816480834,Groundtruth/GroundtruthNYU/2.png,0.5325460501530255,tab:ranftl2021vision,Ranftl et al. 2021 DPT (Jason),0.3262461874347804,reversed,480,65535.0,0.0,I;16,640,Imgs_Jason/SetNYU/VisionTransformersForDepth/2.png,,0.6960994209061774,ok
0.03180855093814125,27.69653974973312,0.04122617215776568,0.9624234573635491,-3.822578707636183e-06,0.31560186705853327,Groundtruth/GroundtruthNYU/3.png,0.5964018974491626,tab:ranftl2021vision,Ranftl et al. 2021 DPT (Jason),0.8155620037185489,reversed,480,65535.0,0.0,I;16,640,Imgs_Jason/SetNYU/VisionTransformersForDepth/3.png,,0.766763121036083,ok
0.10180186060636694,18.060573464030497,0.12501764877327617,0.7832723283383402,-1.0660091018899879e-05,0.6058804996632711,Groundtruth/GroundtruthNYU/4.png,0.7481269701675843,tab:ranftl2021vision,Ranftl et al. 2021 DPT (Jason),0.8306795916762182,reversed,480,65535.0,0.0,I;16,640,Imgs_Jason/SetNYU/VisionTransformersForDepth/4.png,,0.9147377676865445,ok
0.060638580778485815,20.993534171453724,0.0891914637698843,0.9138547280835558,-9.49699313879341e-06,0.5467607239669724,Groundtruth/GroundtruthNYU/5.png,0.7549758055891947,tab:ranftl2021vision,Ranftl et al. 2021 DPT (Jason),0.8439222978457512,reversed,480,65534.0,0.0,I;16,640,Imgs_Jason/SetNYU/VisionTransformersForDepth/5.png,,0.9013284489967625,ok
0.0746984913847928,20.20939364276384,0.0976180926711714,0.9289155959287742,-0.0012239325548070222,0.45716875918650046,Groundtruth/GroundtruthNYU/1.png,0.4041481053734065,tab:monodepth17,Godard et al. 2017 city2kitti,0.4637863982714537,reversed,480,254.0,0.0,RGBA,640,Imgs_Luis/MonoDepth/Imgs_model_city2kitti//001_disp.png,,0.4990247851999102,ok
0.042265991926248345,22.769552123791172,0.07269798839869593,0.9401745175306317,-0.0006487914189072312,0.23994068116218245,Groundtruth/GroundtruthNYU/10.png,0.39352231489855083,tab:monodepth17,Godard et al. 2017 city2kitti,0.4439582805194004,reversed,480,255.0,0.0,RGBA,640,Imgs_Luis/MonoDepth/Imgs_model_city2kitti//010_disp.png,,0.5471309479653388,ok
0.036220891777195945,26.67562860584015,0.04636802198498493,0.9510909473041925,-0.0009407976147730236,0.3259678166153472,Groundtruth/GroundtruthNYU/100.png,0.5906050703394321,tab:monodepth17,Godard et al. 2017 city2kitti,0.7592122718606819,reversed,480,255.0,0.0,RGBA,640,Imgs_Luis/MonoDepth/Imgs_model_city2kitti//100_disp.png,,0.7973105364914207,ok
0.09494777468301505,17.474641374803817,0.13374203628781986,0.8129740886892308,-0.0028892050526903535,0.6428314773169164,Groundtruth/GroundtruthNYU/101.png,0.6477885366691895,tab:monodepth17,Godard et al. 2017 city2kitti,0.803278386039834,reversed,480,253.0,0.0,RGBA,640,Imgs_Luis/MonoDepth/Imgs_model_city2kitti//101_disp.png,,0.8291650667462387,ok
0.11744805096461633,16.722669291156933,0.14583660158365291,0.8650164974291699,-0.0014111999593616686,0.5176163402451232,Groundtruth/GroundtruthNYU/102.png,0.30039519902854883,tab:monodepth17,Godard et al. 2017 city2kitti,0.480175480198669,reversed,480,254.0,0.0,RGBA,640,Imgs_Luis/MonoDepth/Imgs_model_city2kitti//102_disp.png,,0.478407994479434,ok
0.06859198668842237,21.036222319084104,0.0887541939257611,0.9288971079676602,-0.0013723842015015834,0.49112328154654267,Groundtruth/GroundtruthNYU/1.png,0.46903141137126814,tab:monodepth17-1,Godard et al. 2017 city2eigen,0.5925937857504378,reversed,480,252.0,0.0,RGBA,640,Imgs_Luis/MonoDepth/Imgs_model_city2eigen//001_disp.png,,0.591190160797208,ok
0.042448526813371426,22.833242049643204,0.0721668746365805,0.9399994991687063,-0.0007496540969402464,0.24446724829732733,Groundtruth/GroundtruthNYU/10.png,0.3853939806626915,tab:monodepth17-1,Godard et al. 2017 city2eigen,0.45693292608320213,reversed,480,254.0,0.0,RGBA,640,Imgs_Luis/MonoDepth/Imgs_model_city2eigen//010_disp.png,,0.5305965983626842,ok
0.040425997176835746,26.10486861330362,0.049517255896895575,0.9491554382727944,-0.0009157415524722425,0.3322320153627469,Groundtruth/GroundtruthNYU/100.png,0.5494285800620103,tab:monodepth17-1,Godard et al. 2017 city2eigen,0.7189641103363917,reversed,480,254.0,0.0,RGBA,640,Imgs_Luis/MonoDepth/Imgs_model_city2eigen//100_disp.png,,0.7497099967918758,ok
0.1072593488451588,16.79634277172082,0.14460485070402423,0.7995129028158121,-0.002686645557760817,0.6037355290091034,Groundtruth/GroundtruthNYU/101.png,0.6200422314762524,tab:monodepth17-1,Godard et al. 2017 city2eigen,0.7650423522387193,reversed,480,254.0,0.0,RGBA,640,Imgs_Luis/MonoDepth/Imgs_model_city2eigen//101_disp.png,,0.7959812617159236,ok
0.11162469407951946,17.340913451093357,0.13581706071412206,0.8736608088609942,-0.0017747896462438296,0.5442204919360712,Groundtruth/GroundtruthNYU/102.png,0.3470383773698483,tab:monodepth17-1,Godard et al. 2017 city2eigen,0.5767689903793802,reversed,480,254.0,0.0,RGBA,640,Imgs_Luis/MonoDepth/Imgs_model_city2eigen//102_disp.png,,0.5280521792213216,ok
0.06414463350697178,21.05207685203009,0.08859233683619944,0.9258817525305225,-0.0013792729107835067,0.49763127842983823,Groundtruth/GroundtruthNYU/1.png,0.46013603134496084,tab:monodepth17-2,Godard et al. 2017 cityscapes,0.5945853442535617,reversed,480,250.0,0.0,RGBA,640,Imgs_Luis/MonoDepth/Imgs_model_cityscapes//001_disp.png,,0.5696210595595042,ok
0.033520459368573986,23.973129756376533,0.06329122655453442,0.9443142127557218,-0.0008408604145729743,0.281496745110391,Groundtruth/GroundtruthNYU/10.png,0.5313279213997099,tab:monodepth17-2,Godard et al. 2017 cityscapes,0.6256507008527532,reversed,480,255.0,2.0,RGBA,640,Imgs_Luis/MonoDepth/Imgs_model_cityscapes//010_disp.png,,0.6988696959535772,ok
0.03877101964260708,26.194280153307773,0.049010145556233925,0.9488582446022409,-0.0009017293296681173,0.3371458407281123,Groundtruth/GroundtruthNYU/100.png,0.5343338557403381,tab:monodepth17-2,Godard et al. 2017 cityscapes,0.7257778363896801,reversed,480,251.0,0.0,RGBA,640,Imgs_Luis/MonoDepth/Imgs_model_cityscapes//100_disp.png,,0.7173949570068293,ok
0.1173668417259779,16.287553790302862,0.15332829645019666,0.8094554895613567,-0.0028515386286145613,0.5966593359178655,Groundtruth/GroundtruthNYU/101.png,0.5767882562992923,tab:monodepth17-2,Godard et al. 2017 cityscapes,0.7305784552391016,reversed,480,243.0,0.0,RGBA,640,Imgs_Luis/MonoDepth/Imgs_model_cityscapes//101_disp.png,,0.7693232696111859,ok
0.0934269057944634,18.53746365769257,0.118338706281944,0.8835470833033875,-0.0022177590476867184,0.6070203842363429,Groundtruth/GroundtruthNYU/102.png,0.4859295825825971,tab:monodepth17-2,Godard et al. 2017 cityscapes,0.7024033278281752,reversed,480,247.0,0.0,RGBA,640,Imgs_Luis/MonoDepth/Imgs_model_cityscapes//102_disp.png,,0.6875388776674619,ok
0.07610677777417972,19.896038134794527,0.10120409677912859,0.9251344221945932,-0.0010351053580066937,0.4548657049818908,Groundtruth/GroundtruthNYU/1.png,0.37644510318753616,tab:monodepth17-3,Godard et al. 2017 eigen,0.3954387539341949,reversed,480,255.0,0.0,RGBA,640,Imgs_Luis/MonoDepth/Imgs_model_eigen//001_disp.png,,0.4776211283326107,ok
0.04422843086178416,22.604488471188393,0.07409272649754946,0.9399892217685323,-0.0007162521400408613,0.22729954720629164,Groundtruth/GroundtruthNYU/10.png,0.35805435841399275,tab:monodepth17-3,Godard et al. 2017 eigen,0.40742546611931896,reversed,480,255.0,0.0,RGBA,640,Imgs_Luis/MonoDepth/Imgs_model_eigen//010_disp.png,,0.515180329510499,ok
0.03568866752796665,27.043488465484018,0.0444452728544483,0.9535790549909242,-0.0012720392789873321,0.33422529768845755,Groundtruth/GroundtruthNYU/100.png,0.6044221673365106,tab:monodepth17-3,Godard et al. 2017 eigen,0.7815405148701084,reversed,480,255.0,0.0,RGBA,640,Imgs_Luis/MonoDepth/Imgs_model_eigen//100_disp.png,,0.7988022540371837,ok
0.10061850238656067,17.53021078243369,0.13288913082316697,0.7725922410552272,-0.003553346442717539,0.6217241666468387,Groundtruth/GroundtruthNYU/101.png,0.6840384442633946,tab:monodepth17-3,Godard et al. 2017 eigen,0.8060808356432968,reversed,480,247.0,0.0,RGBA,640,Imgs_Luis/MonoDepth/Imgs_model_eigen//101_disp.png,,0.8644062616717525,ok
0.10733514906262835,17.785691514045734,0.12903734667112796,0.8723966900627714,-0.002302379306779635,0.5384682046057435,Groundtruth/GroundtruthNYU/102.png,0.37567204369803575,tab:monodepth17-3,Godard et al. 2017 eigen,0.6305742488546011,reversed,480,255.0,0.0,RGBA,640,Imgs_Luis/MonoDepth/Imgs_model_eigen//102_disp.png,,0.5917726122356791,ok
0.07461170451228154,19.90453517994159,0.10110514142364878,0.9262584342078607,-0.0009246759295027855,0.45692033803685145,Groundtruth/GroundtruthNYU/1.png,0.3761111550040044,tab:monodepth17-4,Godard et al. 2017 kitti,0.3975182603790368,reversed,480,254.0,1.0,RGBA,640,Imgs_Luis/MonoDepth/Imgs_model_kitti//001_disp.png,,0.48455083525799875,ok
0.04521498831697215,22.546969043889582,0.07458500922939647,0.9379942367281014,-0.0005237444731361426,0.2274533825863347,Groundtruth/GroundtruthNYU/10.png,0.2987613045883899,tab:monodepth17-4,Godard et al. 2017 kitti,0.39354313872324326,reversed,480,253.0,0.0,RGBA,640,Imgs_Luis/MonoDepth/Imgs_model_kitti//010_disp.png,,0.43879631688829335,ok
0.036743762389543605,26.6243071098803,0.04664280332615797,0.9523628092591794,-0.0009392374696548684,0.33429869808111,Groundtruth/GroundtruthNYU/100.png,0.5918400575338969,tab:monodepth17-4,Godard et al. 2017 kitti,0.7558887802044597,reversed,480,253.0,0.0,RGBA,640,Imgs_Luis/MonoDepth/Imgs_model_kitti//100_disp.png,,0.7905573227931401,ok
0.10326799681138282,17.089699481814865,0.13980252839724805,0.7988353457692889,-0.002912714925128709,0.6103401137325505,Groundtruth/GroundtruthNYU/101.png,0.6519334115579428,tab:monodepth17-4,Godard et al. 2017 kitti,0.7825454875221796,reversed,480,255.0,0.0,RGBA,640,Imgs_Luis/MonoDepth/Imgs_model_kitti//101_disp.png,,0.8292991771860662,ok
0.10048690163161696,18.065554574889692,0.12494597525796429,0.8729053400540373,-0.002105939176521961,0.545941598535697,Groundtruth/GroundtruthNYU/102.png,0.4267446159997126,tab:monodepth17-4,Godard et al. 2017 kitti,0.6597099597595313,reversed,480,255.0,2.0,RGBA,640,Imgs_Luis/MonoDepth/Imgs_model_kitti//102_disp.png,,0.624305631059577,ok
0.04500108323100427,24.045523651566608,0.06276590821896513,0.9425784078814112,-0.0024353954686663643,0.5984911328482576,Groundtruth/GroundtruthNYU/1.png,0.7243242546909001,tab:monodepth17-5,Dai et al. fusion / LeRes50,0.8218936014099396,reversed,480,227.0,1.0,L,640,Imgs_Luis/Gradientbased/LeRes50//LeRes50_0.png,,0.8459672179767912,ok
0.04390741422297502,21.91032246550446,0.08025717646716805,0.939725484733147,-0.0004220124941830916,0.20589400334126293,Groundtruth/GroundtruthNYU/10.png,0.43964238471722705,tab:monodepth17-5,Dai et al. fusion / LeRes50,0.14644304746134246,reversed,480,227.0,1.0,L,640,Imgs_Luis/Gradientbased/LeRes50//LeRes50_1.png,,0.600415213373648,ok
0.0270552381396349,29.470636463982377,0.03360997402265598,0.9687644839112541,-0.0017890769252680305,0.377054299406947,Groundtruth/GroundtruthNYU/100.png,0.7651419634894149,tab:monodepth17-5,Dai et al. fusion / LeRes50,0.8817242160502493,reversed,480,227.0,1.0,L,640,Imgs_Luis/Gradientbased/LeRes50//LeRes50_2.png,,0.9150046065888325,ok
0.08093013845260162,19.376699391879704,0.10743976021661086,0.8508208249970657,-0.004072601366584423,0.8640734582953971,Groundtruth/GroundtruthNYU/101.png,0.7784725552180785,tab:monodepth17-5,Dai et al. fusion / LeRes50,0.8781040113397788,reversed,480,227.0,1.0,L,640,Imgs_Luis/Gradientbased/LeRes50//LeRes50_3.png,,0.9324675848908797,ok
0.06287691200714658,22.11672521078217,0.07837250702647157,0.929749744846331,-0.002835147141005835,0.6138757160520484,Groundtruth/GroundtruthNYU/102.png,0.718494397611045,tab:monodepth17-5,Dai et al. fusion / LeRes50,0.8819238080934634,reversed,480,227.0,1.0,L,640,Imgs_Luis/Gradientbased/LeRes50//LeRes50_4.png,,0.8783674001026043,ok
0.05685975286250922,21.644373018748055,0.08275254308860652,0.9349399082497847,-0.0029903334217997466,0.513031368687366,Groundtruth/GroundtruthNYU/1.png,0.5877243863143465,tab:dai2022multi,Dai et al. fusion / MiDaS,0.6602651057892124,reversed,480,227.0,1.0,L,640,Imgs_Luis/Gradientbased/MiDaS//MiDaS_0.png,,0.720056664865426,ok
0.04208654189379872,22.385156787871434,0.07598750073730172,0.9454332721808112,-0.0008996512415927245,0.2281847344981296,Groundtruth/GroundtruthNYU/10.png,0.4781731578381219,tab:dai2022multi,Dai et al. fusion / MiDaS,0.35041985408672593,reversed,480,227.0,1.0,L,640,Imgs_Luis/Gradientbased/MiDaS//MiDaS_1.png,,0.6619570959082814,ok
0.02648095568175691,29.068145392781556,0.03520405820459748,0.9689624139061214,-0.0014238202476473437,0.32579769299437183,Groundtruth/GroundtruthNYU/100.png,0.7241615588158148,tab:dai2022multi,Dai et al. fusion / MiDaS,0.8693820549434332,reversed,480,227.0,1.0,L,640,Imgs_Luis/Gradientbased/MiDaS//MiDaS_2.png,,0.8914880317731992,ok
0.11299720405091987,17.029625139134648,0.1407727981004095,0.8095970686914121,-0.005131678674331404,0.6785225973281352,Groundtruth/GroundtruthNYU/101.png,0.771803907599339,tab:dai2022multi,Dai et al. fusion / MiDaS,0.7790881499475864,reversed,480,227.0,1.0,L,640,Imgs_Luis/Gradientbased/MiDaS//MiDaS_3.png,,0.9290855411247972,ok
0.05376233330118841,22.770615426585454,0.07268908945498476,0.920489992471731,-0.003519322769221066,0.6299782691407214,Groundtruth/GroundtruthNYU/102.png,0.7730355645502408,tab:dai2022multi,Dai et al. fusion / MiDaS,0.8993606270590363,reversed,480,227.0,1.0,L,640,Imgs_Luis/Gradientbased/MiDaS//MiDaS_4.png,,0.9300666151558609,ok
0.07839141396284253,19.96402066833223,0.10041508647112464,0.9291288323597923,-0.000753887615025553,0.39658324191863087,Groundtruth/GroundtruthNYU/1.png,0.4416022242770162,tab:watson2019self,Watson et al. 2019 Depth Hints,0.41167313300373576,reversed,480,248.0,0.0,RGBA,640,Imgs_Beto/monovisual/1_depth.png,,0.5752416383941685,ok
0.039224918149808385,22.10139971158428,0.07851091058484042,0.9448572668911821,-0.0002805626397404791,0.2060926395477336,Groundtruth/GroundtruthNYU/10.png,0.5107496889330446,tab:watson2019self,Watson et al. 2019 Depth Hints,0.25212259752167204,reversed,480,248.0,0.0,RGBA,640,Imgs_Beto/monovisual/10_depth.png,,0.665878837988654,ok
0.03463667132578087,26.692024905631637,0.046280575920233866,0.9538116867634122,-0.0006854733815105078,0.31775911516226923,Groundtruth/GroundtruthNYU/100.png,0.6262373475340176,tab:watson2019self,Watson et al. 2019 Depth Hints,0.7602627838230085,reversed,480,248.0,0.0,RGBA,640,Imgs_Beto/monovisual/100_depth.png,,0.808698353216165,ok
0.12743538912005073,16.35531886466787,0.15213672278231702,0.7204328712439665,-0.002345038549349129,0.5534788195474423,Groundtruth/GroundtruthNYU/101.png,0.6789975410625623,tab:watson2019self,Watson et al. 2019 Depth Hints,0.7355022901641363,reversed,480,248.0,0.0,RGBA,640,Imgs_Beto/monovisual/101_depth.png,,0.8650170842698842,ok
0.10052976154011053,18.126867377094115,0.12406710005502512,0.8747258971818419,-0.0015993393210049947,0.5218633006828999,Groundtruth/GroundtruthNYU/102.png,0.47611285536724446,tab:watson2019self,Watson et al. 2019 Depth Hints,0.6656836320287648,reversed,480,248.0,0.0,RGBA,640,Imgs_Beto/monovisual/102_depth.png,,0.68075017507311,ok
0.07029124177673032,20.727005226188496,0.09197075224924751,0.9178886509894526,-6.2505990989185656e-06,0.430892528392031,Groundtruth/GroundtruthNYU/1.png,0.6630260013293133,tab:ranftl2021vision-beto,Ranftl et al. 2021 DPT (Beto),0.5507143182916838,reversed,480,65535.0,0.0,I;16,640,Imgs_Beto/vision_transformers/1.png,,0.7869732938772143,ok
0.04442547977386431,22.281108566665058,0.07690322836216104,0.9342797909374366,-2.3363739705635988e-06,0.20437830621525313,Groundtruth/GroundtruthNYU/10.png,0.5269703644467423,tab:ranftl2021vision-beto,Ranftl et al. 2021 DPT (Beto),0.3186286406186272,reversed,480,65534.0,0.0,I;16,640,Imgs_Beto/vision_transformers/10.png,,0.6899203888408185,ok
0.031325495131534806,27.793370176320316,0.040769134443658116,0.9631882479780252,-3.704778094882603e-06,0.31286255060563517,Groundtruth/GroundtruthNYU/100.png,0.5965899534633375,tab:ranftl2021vision-beto,Ranftl et al. 2021 DPT (Beto),0.8200760839484889,reversed,480,65534.0,0.0,I;16,640,Imgs_Beto/vision_transformers/100.png,,0.7664455458040546,ok
0.10232748911591488,18.02096449616235,0.1255890499705258,0.78559097475868,-1.062237374578162e-05,0.6019203465293116,Groundtruth/GroundtruthNYU/101.png,0.7511679358661869,tab:ranftl2021vision-beto,Ranftl et al. 2021 DPT (Beto),0.8289684072123595,reversed,480,65535.0,0.0,I;16,640,Imgs_Beto/vision_transformers/101.png,,0.9164136388831107,ok
0.061320518343279104,20.903182710151565,0.09012408416798785,0.9136901011417908,-9.409488986396953e-06,0.5467918491392972,Groundtruth/GroundtruthNYU/102.png,0.754667817257912,tab:ranftl2021vision-beto,Ranftl et al. 2021 DPT (Beto),0.8403301635674377,reversed,480,65535.0,0.0,I;16,640,Imgs_Beto/vision_transformers/102.png,,0.9004147700246165,ok
0.08244798778910048,19.16046508995913,0.11014803286910958,0.9217576403289014,-0.0008709682359356713,0.5718514210549837,Groundtruth/GroundtruthNYU/1.png,0.018258037897348384,tab:ranftl2020towards,Ranftl et al. 2020 MiDaS archived toward_robust,0.025908188374989607,reversed,480,255.0,0.0,L,640,Imgs_Beto/toward_robust/1_depth.png,,0.022179409800281668,ok
nan,nan,nan,nan,nan,nan,Groundtruth/GroundtruthNYU/10.png,nan,tab:ranftl2020towards,Ranftl et al. 2020 MiDaS archived toward_robust,nan,NA,480,1.0,1.0,1,640,Imgs_Beto/toward_robust/10_depth.png,Degenerate scalar prediction or reference,nan,excluded
nan,nan,nan,nan,nan,nan,Groundtruth/GroundtruthNYU/100.png,nan,tab:ranftl2020towards,Ranftl et al. 2020 MiDaS archived toward_robust,nan,NA,480,1.0,1.0,1,640,Imgs_Beto/toward_robust/100_depth.png,Degenerate scalar prediction or reference,nan,excluded
0.19466583234253895,13.140678638795425,0.2202754352536009,0.7449344041909505,-0.003162671077123343,1.1520221930792414,Groundtruth/GroundtruthNYU/101.png,0.16012923567440848,tab:ranftl2020towards,Ranftl et al. 2020 MiDaS archived toward_robust,0.19416120416389593,reversed,480,255.0,91.0,L,640,Imgs_Beto/toward_robust/101_depth.png,,0.19579711091640983,ok
nan,nan,nan,nan,nan,nan,Groundtruth/GroundtruthNYU/102.png,nan,tab:ranftl2020towards,Ranftl et al. 2020 MiDaS archived toward_robust,nan,NA,480,1.0,1.0,1,640,Imgs_Beto/toward_robust/102_depth.png,Degenerate scalar prediction or reference,nan,excluded
0.014989688451842804,31.838028197055003,0.025591667830581154,0.9655625541019945,0.0019707920257568475,0.15342689468522253,Groundtruth/GroundtruthNYU/1.png,0.8678918223355596,tab:alhashim2018high-nyu,Alhashim and Wonka NYU,0.972653530611469,same,240,255.0,0.0,L,320,Imgs_Beto/high_quality_nyu/1_1.png,,0.9607915691657696,ok
0.00889962440341855,33.38744721454309,0.02141054090722975,0.9823430914384647,0.002200663875784616,0.09849060554478775,Groundtruth/GroundtruthNYU/10.png,0.8888259947365597,tab:alhashim2018high-nyu,Alhashim and Wonka NYU,0.964550566247087,same,240,255.0,0.0,L,320,Imgs_Beto/high_quality_nyu/10_1.png,,0.9610432713877756,ok
0.005560944585390095,40.74160992065437,0.009181624002606472,0.9900300443206682,0.001074594019395729,0.10191793326656536,Groundtruth/GroundtruthNYU/100.png,0.94153011401874,tab:alhashim2018high-nyu,Alhashim and Wonka NYU,0.991660516577566,same,240,255.0,0.0,L,320,Imgs_Beto/high_quality_nyu/100_1.png,,0.990844469819509,ok
0.030757730828909716,26.05603901238957,0.049796411756989574,0.9506866777750599,0.0029370565089818163,0.10199714301811573,Groundtruth/GroundtruthNYU/101.png,0.9169679856980194,tab:alhashim2018high-nyu,Alhashim and Wonka NYU,0.9751007748105682,same,240,255.0,0.0,L,320,Imgs_Beto/high_quality_nyu/101_1.png,,0.9858463734253544,ok
0.011415246855683835,34.25029797918013,0.019385861294412738,0.9776093667044938,0.0025602401301106853,0.12194052146617654,Groundtruth/GroundtruthNYU/102.png,0.9441833382073619,tab:alhashim2018high-nyu,Alhashim and Wonka NYU,0.9931787991291515,same,240,255.0,0.0,L,320,Imgs_Beto/high_quality_nyu/102_1.png,,0.9926083349933579,ok
0.0680041171126839,21.251258141597802,0.08658388984606272,0.9353942584999487,0.0016695841973882763,0.18747518997003124,Groundtruth/GroundtruthNYU/1.png,0.40527592198727735,tab:alhashim2018high-kitti,Alhashim and Wonka KITTI,0.6184748997530969,same,240,255.0,0.0,L,320,Imgs_Beto/high_quality_kitti/1_1.png,,0.5415746637478732,ok
0.0392234083391333,22.10729730866705,0.07845762087266238,0.9465733121846853,0.0004078464988509423,0.1409275521046471,Groundtruth/GroundtruthNYU/10.png,0.47259609643785744,tab:alhashim2018high-kitti,Alhashim and Wonka KITTI,0.25463030549096627,same,240,255.0,0.0,L,320,Imgs_Beto/high_quality_kitti/10_1.png,,0.6566179854264328,ok
0.042670839819456956,25.764677554309465,0.051495125662722574,0.9520132131968871,0.0009482577787750865,0.1432082410331315,Groundtruth/GroundtruthNYU/100.png,0.5248449039062134,tab:alhashim2018high-kitti,Alhashim and Wonka KITTI,0.6910473436245497,same,240,255.0,0.0,L,320,Imgs_Beto/high_quality_kitti/100_1.png,,0.7009689412315488,ok
0.09437716630805476,17.513831959001315,0.13313995384165123,0.8610980550884892,0.005233597408605735,0.11338503998153354,Groundtruth/GroundtruthNYU/101.png,0.658676488106035,tab:alhashim2018high-kitti,Alhashim and Wonka KITTI,0.8052595613890312,same,240,255.0,0.0,L,320,Imgs_Beto/high_quality_kitti/101_1.png,,0.8547030142192331,ok
0.08142460220961859,19.550883077990242,0.10530666183934166,0.9143818017326868,0.0020913558354645066,0.13638701552421917,Groundtruth/GroundtruthNYU/102.png,0.5897277592475589,tab:alhashim2018high-kitti,Alhashim and Wonka KITTI,0.7738290483781844,same,240,255.0,0.0,L,320,Imgs_Beto/high_quality_kitti/102_1.png,,0.7850911152023056,ok
