table_number,label,method,image_id,ground_truth,status,aa_rmse,aa_mae,pearson_abs,spearman_abs,kendall_abs,aa_ssim,aa_psnr,polarity,reason
1,tab:mono,Tosi et al. monoResMatch,1,Groundtruth/GroundtruthNYU/1.png,ok,0.1084439305422636,0.0826716924907471,0.1770686629969465,0.1596442834427816,0.1133115712426383,0.922318476309714,19.29589499669634,reversed,
1,tab:mono,Tosi et al. monoResMatch,2,Groundtruth/GroundtruthNYU/2.png,ok,0.0809927316906727,0.0454439872620287,0.0585364141996301,0.0204708110959352,0.007886823053257,0.9351543513536702,21.831079061504983,reversed,
1,tab:mono,Tosi et al. monoResMatch,3,Groundtruth/GroundtruthNYU/3.png,ok,0.0693628364755476,0.0587704044308808,0.2282225837081141,0.2889645974136391,0.1805757942509163,0.9341091965530436,23.17746310865004,reversed,
1,tab:mono,Tosi et al. monoResMatch,4,Groundtruth/GroundtruthNYU/4.png,ok,0.1621440699547595,0.1307300218688164,0.6918004524752082,0.721510266266642,0.5350796379948407,0.747103920652971,15.80197860038374,reversed,
1,tab:mono,Tosi et al. monoResMatch,5,Groundtruth/GroundtruthNYU/5.png,ok,0.162459266816624,0.1360835944457167,0.2125332923125144,0.1960247109569468,0.1175387376352287,0.8550937459142073,15.785110221616511,reversed,
2,tab:mono2,Godard et al. 2019 / archived UnSupervisedMonocular,1,Groundtruth/GroundtruthNYU/1.png,ok,0.0989229245413505,0.0775968701211549,0.4404253400237355,0.5566592150006775,0.4424814224384202,0.92971436609461,20.0940610541817,reversed,
2,tab:mono2,Godard et al. 2019 / archived UnSupervisedMonocular,2,Groundtruth/GroundtruthNYU/2.png,ok,0.07776511088594,0.0414038674687259,0.2850829106265729,0.5800686043964313,0.4212281508498919,0.9423532749901397,22.184304088019267,reversed,
2,tab:mono2,Godard et al. 2019 / archived UnSupervisedMonocular,3,Groundtruth/GroundtruthNYU/3.png,ok,0.047282100186459,0.0358840662349992,0.7480223697095116,0.7659029919548959,0.593169009581783,0.9555204635183672,26.50606482225983,reversed,
2,tab:mono2,Godard et al. 2019 / archived UnSupervisedMonocular,4,Groundtruth/GroundtruthNYU/4.png,ok,0.1457378891727491,0.1196932502774962,0.7607663834888757,0.8698158038939474,0.6940962231356781,0.7210481852614483,16.728550499334993,reversed,
2,tab:mono2,Godard et al. 2019 / archived UnSupervisedMonocular,5,Groundtruth/GroundtruthNYU/5.png,ok,0.1223960218293209,0.0972674345189486,0.6767825912020633,0.7482133636445005,0.5465624371862555,0.8917200793150221,18.24465395192204,reversed,
3,tab:ranftl2021vision,Ranftl et al. 2021 DPT (Jason),1,Groundtruth/GroundtruthNYU/1.png,ok,0.0904006026104513,0.0687783930205412,0.5717273533014192,0.7870744294378961,0.6643987549446386,0.9190239433551548,20.87657349015613,reversed,
3,tab:ranftl2021vision,Ranftl et al. 2021 DPT (Jason),2,Groundtruth/GroundtruthNYU/2.png,ok,0.07669270824895,0.0443407201241729,0.3262461874347804,0.6960994209061774,0.5325460501530255,0.9344973821691276,22.3049185144451,reversed,
3,tab:ranftl2021vision,Ranftl et al. 2021 DPT (Jason),3,Groundtruth/GroundtruthNYU/3.png,ok,0.0412261721577656,0.0318085509381412,0.8155620037185489,0.766763121036083,0.5964018974491626,0.9624234573635492,27.69653974973312,reversed,
3,tab:ranftl2021vision,Ranftl et al. 2021 DPT (Jason),4,Groundtruth/GroundtruthNYU/4.png,ok,0.1250176487732761,0.1018018606063669,0.8306795916762182,0.9147377676865444,0.7481269701675843,0.7832723283383402,18.060573464030497,reversed,
3,tab:ranftl2021vision,Ranftl et al. 2021 DPT (Jason),5,Groundtruth/GroundtruthNYU/5.png,ok,0.0891914637698843,0.0606385807784858,0.8439222978457512,0.9013284489967625,0.7549758055891947,0.9138547280835558,20.993534171453724,reversed,
4,tab:monodepth17,Godard et al. 2017 city2kitti,1,Groundtruth/GroundtruthNYU/1.png,ok,0.0976180926711714,0.0746984913847928,0.4637863982714537,0.4990247851999102,0.4041481053734065,0.9289155959287742,20.20939364276384,reversed,
4,tab:monodepth17,Godard et al. 2017 city2kitti,10,Groundtruth/GroundtruthNYU/10.png,ok,0.0726979883986959,0.0422659919262483,0.4439582805194004,0.5471309479653388,0.3935223148985508,0.9401745175306316,22.76955212379117,reversed,
4,tab:monodepth17,Godard et al. 2017 city2kitti,100,Groundtruth/GroundtruthNYU/100.png,ok,0.0463680219849849,0.0362208917771959,0.7592122718606819,0.7973105364914207,0.5906050703394321,0.9510909473041924,26.67562860584015,reversed,
4,tab:monodepth17,Godard et al. 2017 city2kitti,101,Groundtruth/GroundtruthNYU/101.png,ok,0.1337420362878198,0.094947774683015,0.803278386039834,0.8291650667462387,0.6477885366691895,0.8129740886892308,17.474641374803817,reversed,
4,tab:monodepth17,Godard et al. 2017 city2kitti,102,Groundtruth/GroundtruthNYU/102.png,ok,0.1458366015836529,0.1174480509646163,0.480175480198669,0.478407994479434,0.3003951990285488,0.8650164974291699,16.722669291156933,reversed,
5,tab:monodepth17-1,Godard et al. 2017 city2eigen,1,Groundtruth/GroundtruthNYU/1.png,ok,0.0887541939257611,0.0685919866884223,0.5925937857504378,0.591190160797208,0.4690314113712681,0.9288971079676602,21.036222319084104,reversed,
5,tab:monodepth17-1,Godard et al. 2017 city2eigen,10,Groundtruth/GroundtruthNYU/10.png,ok,0.0721668746365805,0.0424485268133714,0.4569329260832021,0.5305965983626842,0.3853939806626915,0.9399994991687064,22.833242049643204,reversed,
5,tab:monodepth17-1,Godard et al. 2017 city2eigen,100,Groundtruth/GroundtruthNYU/100.png,ok,0.0495172558968955,0.0404259971768357,0.7189641103363917,0.7497099967918758,0.5494285800620103,0.9491554382727944,26.10486861330362,reversed,
5,tab:monodepth17-1,Godard et al. 2017 city2eigen,101,Groundtruth/GroundtruthNYU/101.png,ok,0.1446048507040242,0.1072593488451588,0.7650423522387193,0.7959812617159236,0.6200422314762524,0.7995129028158121,16.79634277172082,reversed,
5,tab:monodepth17-1,Godard et al. 2017 city2eigen,102,Groundtruth/GroundtruthNYU/102.png,ok,0.135817060714122,0.1116246940795194,0.5767689903793802,0.5280521792213216,0.3470383773698483,0.8736608088609942,17.340913451093357,reversed,
6,tab:monodepth17-2,Godard et al. 2017 cityscapes,1,Groundtruth/GroundtruthNYU/1.png,ok,0.0885923368361994,0.0641446335069717,0.5945853442535617,0.5696210595595042,0.4601360313449608,0.9258817525305224,21.05207685203009,reversed,
6,tab:monodepth17-2,Godard et al. 2017 cityscapes,10,Groundtruth/GroundtruthNYU/10.png,ok,0.0632912265545344,0.0335204593685739,0.6256507008527532,0.6988696959535772,0.5313279213997099,0.9443142127557218,23.973129756376533,reversed,
6,tab:monodepth17-2,Godard et al. 2017 cityscapes,100,Groundtruth/GroundtruthNYU/100.png,ok,0.0490101455562339,0.038771019642607,0.7257778363896801,0.7173949570068293,0.5343338557403381,0.9488582446022408,26.194280153307773,reversed,
6,tab:monodepth17-2,Godard et al. 2017 cityscapes,101,Groundtruth/GroundtruthNYU/101.png,ok,0.1533282964501966,0.1173668417259779,0.7305784552391016,0.7693232696111859,0.5767882562992923,0.8094554895613567,16.287553790302862,reversed,
6,tab:monodepth17-2,Godard et al. 2017 cityscapes,102,Groundtruth/GroundtruthNYU/102.png,ok,0.118338706281944,0.0934269057944634,0.7024033278281752,0.6875388776674619,0.4859295825825971,0.8835470833033875,18.53746365769257,reversed,
7,tab:monodepth17-3,Godard et al. 2017 eigen,1,Groundtruth/GroundtruthNYU/1.png,ok,0.1012040967791285,0.0761067777741797,0.3954387539341949,0.4776211283326107,0.3764451031875361,0.9251344221945932,19.896038134794527,reversed,
7,tab:monodepth17-3,Godard et al. 2017 eigen,10,Groundtruth/GroundtruthNYU/10.png,ok,0.0740927264975494,0.0442284308617841,0.4074254661193189,0.515180329510499,0.3580543584139927,0.9399892217685324,22.604488471188397,reversed,
7,tab:monodepth17-3,Godard et al. 2017 eigen,100,Groundtruth/GroundtruthNYU/100.png,ok,0.0444452728544483,0.0356886675279666,0.7815405148701084,0.7988022540371837,0.6044221673365106,0.9535790549909242,27.043488465484018,reversed,
7,tab:monodepth17-3,Godard et al. 2017 eigen,101,Groundtruth/GroundtruthNYU/101.png,ok,0.1328891308231669,0.1006185023865606,0.8060808356432968,0.8644062616717525,0.6840384442633946,0.7725922410552272,17.53021078243369,reversed,
7,tab:monodepth17-3,Godard et al. 2017 eigen,102,Groundtruth/GroundtruthNYU/102.png,ok,0.1290373466711279,0.1073351490626283,0.6305742488546011,0.5917726122356791,0.3756720436980357,0.8723966900627714,17.785691514045734,reversed,
8,tab:monodepth17-4,Godard et al. 2017 kitti,1,Groundtruth/GroundtruthNYU/1.png,ok,0.1011051414236487,0.0746117045122815,0.3975182603790368,0.4845508352579987,0.3761111550040044,0.9262584342078608,19.90453517994159,reversed,
8,tab:monodepth17-4,Godard et al. 2017 kitti,10,Groundtruth/GroundtruthNYU/10.png,ok,0.0745850092293964,0.0452149883169721,0.3935431387232432,0.4387963168882933,0.2987613045883899,0.9379942367281014,22.546969043889582,reversed,
8,tab:monodepth17-4,Godard et al. 2017 kitti,100,Groundtruth/GroundtruthNYU/100.png,ok,0.0466428033261579,0.0367437623895436,0.7558887802044597,0.7905573227931401,0.5918400575338969,0.9523628092591794,26.6243071098803,reversed,
8,tab:monodepth17-4,Godard et al. 2017 kitti,101,Groundtruth/GroundtruthNYU/101.png,ok,0.139802528397248,0.1032679968113828,0.7825454875221796,0.8292991771860662,0.6519334115579428,0.7988353457692889,17.089699481814865,reversed,
8,tab:monodepth17-4,Godard et al. 2017 kitti,102,Groundtruth/GroundtruthNYU/102.png,ok,0.1249459752579642,0.1004869016316169,0.6597099597595313,0.624305631059577,0.4267446159997126,0.8729053400540373,18.06555457488969,reversed,
9,tab:monodepth17-5,Dai et al. fusion / LeRes50,1,Groundtruth/GroundtruthNYU/1.png,ok,0.0627659082189651,0.0450010832310042,0.8218936014099396,0.8459672179767912,0.7243242546909001,0.9425784078814112,24.045523651566608,reversed,
9,tab:monodepth17-5,Dai et al. fusion / LeRes50,10,Groundtruth/GroundtruthNYU/10.png,ok,0.080257176467168,0.043907414222975,0.1464430474613424,0.600415213373648,0.439642384717227,0.939725484733147,21.91032246550446,reversed,
9,tab:monodepth17-5,Dai et al. fusion / LeRes50,100,Groundtruth/GroundtruthNYU/100.png,ok,0.0336099740226559,0.0270552381396349,0.8817242160502493,0.9150046065888324,0.7651419634894149,0.968764483911254,29.470636463982377,reversed,
9,tab:monodepth17-5,Dai et al. fusion / LeRes50,101,Groundtruth/GroundtruthNYU/101.png,ok,0.1074397602166108,0.0809301384526016,0.8781040113397788,0.9324675848908796,0.7784725552180785,0.8508208249970657,19.376699391879704,reversed,
9,tab:monodepth17-5,Dai et al. fusion / LeRes50,102,Groundtruth/GroundtruthNYU/102.png,ok,0.0783725070264715,0.0628769120071465,0.8819238080934634,0.8783674001026043,0.718494397611045,0.929749744846331,22.11672521078217,reversed,
10,tab:dai2022multi,Dai et al. fusion / MiDaS,1,Groundtruth/GroundtruthNYU/1.png,ok,0.0827525430886065,0.0568597528625092,0.6602651057892124,0.720056664865426,0.5877243863143465,0.9349399082497848,21.644373018748052,reversed,
10,tab:dai2022multi,Dai et al. fusion / MiDaS,10,Groundtruth/GroundtruthNYU/10.png,ok,0.0759875007373017,0.0420865418937987,0.3504198540867259,0.6619570959082814,0.4781731578381219,0.9454332721808112,22.385156787871438,reversed,
10,tab:dai2022multi,Dai et al. fusion / MiDaS,100,Groundtruth/GroundtruthNYU/100.png,ok,0.0352040582045974,0.0264809556817569,0.8693820549434332,0.8914880317731992,0.7241615588158148,0.9689624139061214,29.06814539278156,reversed,
10,tab:dai2022multi,Dai et al. fusion / MiDaS,101,Groundtruth/GroundtruthNYU/101.png,ok,0.1407727981004095,0.1129972040509198,0.7790881499475864,0.9290855411247972,0.771803907599339,0.8095970686914121,17.029625139134648,reversed,
10,tab:dai2022multi,Dai et al. fusion / MiDaS,102,Groundtruth/GroundtruthNYU/102.png,ok,0.0726890894549847,0.0537623333011884,0.8993606270590363,0.9300666151558608,0.7730355645502408,0.920489992471731,22.77061542658545,reversed,
11,tab:watson2019self,Watson et al. 2019 Depth Hints,1,Groundtruth/GroundtruthNYU/1.png,ok,0.1004150864711246,0.0783914139628425,0.4116731330037357,0.5752416383941685,0.4416022242770162,0.9291288323597924,19.96402066833223,reversed,
11,tab:watson2019self,Watson et al. 2019 Depth Hints,10,Groundtruth/GroundtruthNYU/10.png,ok,0.0785109105848404,0.0392249181498083,0.252122597521672,0.665878837988654,0.5107496889330446,0.944857266891182,22.10139971158428,reversed,
11,tab:watson2019self,Watson et al. 2019 Depth Hints,100,Groundtruth/GroundtruthNYU/100.png,ok,0.0462805759202338,0.0346366713257808,0.7602627838230085,0.808698353216165,0.6262373475340176,0.9538116867634122,26.69202490563164,reversed,
11,tab:watson2019self,Watson et al. 2019 Depth Hints,101,Groundtruth/GroundtruthNYU/101.png,ok,0.152136722782317,0.1274353891200507,0.7355022901641363,0.8650170842698842,0.6789975410625623,0.7204328712439665,16.35531886466787,reversed,
11,tab:watson2019self,Watson et al. 2019 Depth Hints,102,Groundtruth/GroundtruthNYU/102.png,ok,0.1240671000550251,0.1005297615401105,0.6656836320287648,0.68075017507311,0.4761128553672444,0.8747258971818419,18.126867377094115,reversed,
12,tab:ranftl2021vision-beto,Ranftl et al. 2021 DPT (Beto),1,Groundtruth/GroundtruthNYU/1.png,ok,0.0919707522492475,0.0702912417767303,0.5507143182916838,0.7869732938772143,0.6630260013293133,0.9178886509894526,20.727005226188496,reversed,
12,tab:ranftl2021vision-beto,Ranftl et al. 2021 DPT (Beto),10,Groundtruth/GroundtruthNYU/10.png,ok,0.076903228362161,0.0444254797738643,0.3186286406186272,0.6899203888408185,0.5269703644467423,0.9342797909374366,22.281108566665058,reversed,
12,tab:ranftl2021vision-beto,Ranftl et al. 2021 DPT (Beto),100,Groundtruth/GroundtruthNYU/100.png,ok,0.0407691344436581,0.0313254951315348,0.8200760839484889,0.7664455458040546,0.5965899534633375,0.9631882479780252,27.79337017632032,reversed,
12,tab:ranftl2021vision-beto,Ranftl et al. 2021 DPT (Beto),101,Groundtruth/GroundtruthNYU/101.png,ok,0.1255890499705258,0.1023274891159148,0.8289684072123595,0.9164136388831108,0.7511679358661869,0.78559097475868,18.02096449616235,reversed,
12,tab:ranftl2021vision-beto,Ranftl et al. 2021 DPT (Beto),102,Groundtruth/GroundtruthNYU/102.png,ok,0.0901240841679878,0.0613205183432791,0.8403301635674377,0.9004147700246165,0.754667817257912,0.9136901011417908,20.903182710151565,reversed,
13,tab:ranftl2020towards,Ranftl et al. 2020 MiDaS archived toward_robust,1,Groundtruth/GroundtruthNYU/1.png,ok,0.1101480328691095,0.0824479877891004,0.0259081883749896,0.0221794098002816,0.0182580378973483,0.9217576403289014,19.16046508995913,reversed,
13,tab:ranftl2020towards,Ranftl et al. 2020 MiDaS archived toward_robust,10,Groundtruth/GroundtruthNYU/10.png,excluded,,,,,,,,,Degenerate scalar prediction or reference
13,tab:ranftl2020towards,Ranftl et al. 2020 MiDaS archived toward_robust,100,Groundtruth/GroundtruthNYU/100.png,excluded,,,,,,,,,Degenerate scalar prediction or reference
13,tab:ranftl2020towards,Ranftl et al. 2020 MiDaS archived toward_robust,101,Groundtruth/GroundtruthNYU/101.png,ok,0.2202754352536009,0.1946658323425389,0.1941612041638959,0.1957971109164098,0.1601292356744084,0.7449344041909505,13.140678638795425,reversed,
13,tab:ranftl2020towards,Ranftl et al. 2020 MiDaS archived toward_robust,102,Groundtruth/GroundtruthNYU/102.png,excluded,,,,,,,,,Degenerate scalar prediction or reference
14,tab:alhashim2018high-nyu,Alhashim and Wonka NYU,1,Groundtruth/GroundtruthNYU/1.png,ok,0.0255916678305811,0.0149896884518428,0.972653530611469,0.9607915691657696,0.8678918223355596,0.9655625541019944,31.838028197055003,same,
14,tab:alhashim2018high-nyu,Alhashim and Wonka NYU,10,Groundtruth/GroundtruthNYU/10.png,ok,0.0214105409072297,0.0088996244034185,0.964550566247087,0.9610432713877756,0.8888259947365597,0.9823430914384648,33.38744721454309,same,
14,tab:alhashim2018high-nyu,Alhashim and Wonka NYU,100,Groundtruth/GroundtruthNYU/100.png,ok,0.0091816240026064,0.00556094458539,0.991660516577566,0.990844469819509,0.94153011401874,0.9900300443206682,40.74160992065437,same,
14,tab:alhashim2018high-nyu,Alhashim and Wonka NYU,101,Groundtruth/GroundtruthNYU/101.png,ok,0.0497964117569895,0.0307577308289097,0.9751007748105682,0.9858463734253544,0.9169679856980194,0.95068667777506,26.05603901238957,same,
14,tab:alhashim2018high-nyu,Alhashim and Wonka NYU,102,Groundtruth/GroundtruthNYU/102.png,ok,0.0193858612944127,0.0114152468556838,0.9931787991291516,0.992608334993358,0.944183338207362,0.9776093667044938,34.25029797918013,same,
15,tab:alhashim2018high-kitti,Alhashim and Wonka KITTI,1,Groundtruth/GroundtruthNYU/1.png,ok,0.0865838898460627,0.0680041171126839,0.6184748997530969,0.5415746637478732,0.4052759219872773,0.9353942584999488,21.2512581415978,same,
15,tab:alhashim2018high-kitti,Alhashim and Wonka KITTI,10,Groundtruth/GroundtruthNYU/10.png,ok,0.0784576208726623,0.0392234083391333,0.2546303054909662,0.6566179854264328,0.4725960964378574,0.9465733121846852,22.10729730866705,same,
15,tab:alhashim2018high-kitti,Alhashim and Wonka KITTI,100,Groundtruth/GroundtruthNYU/100.png,ok,0.0514951256627225,0.0426708398194569,0.6910473436245497,0.7009689412315488,0.5248449039062134,0.9520132131968873,25.764677554309465,same,
15,tab:alhashim2018high-kitti,Alhashim and Wonka KITTI,101,Groundtruth/GroundtruthNYU/101.png,ok,0.1331399538416512,0.0943771663080547,0.8052595613890312,0.8547030142192331,0.658676488106035,0.8610980550884892,17.513831959001315,same,
15,tab:alhashim2018high-kitti,Alhashim and Wonka KITTI,102,Groundtruth/GroundtruthNYU/102.png,ok,0.1053066618393416,0.0814246022096185,0.7738290483781844,0.7850911152023056,0.5897277592475589,0.9143818017326868,19.55088307799024,same,
